<?xml version="1.0" encoding="UTF-8"?>
<project-private xmlns="http://www.netbeans.org/ns/project-private/1">
    <open-files xmlns="http://www.netbeans.org/ns/projectui-open-files/2">
        <group>
            <file>file:/C:/OOP%20U/Latihan01/src/latihan01/Latihan01.java</file>
            <file>file:/C:/OOP%20U/Latihan01/src/latihan01/Biodata.java</file>
            <file>file:/C:/OOP%20U/Latihan01/src/latihan01/Salam.java</file>
        </group>
    </open-files>
</project-private>
